Title,Link,Location,Date
CloudStack Collaboration Conference 2022 (Hybrid),https://events.hubilo.com/cloudstack-collaboration-conference-2022,Hybrid Event,November 14-16 2022
CloudStack European User Group (vCSEUG),https://events.hubilo.com/cloudstack-european-user-group/register,Virtual Event,7th April 2022
CloudStack Collaboration Conference 2021,https://events.hubilo.com/cloudstack-collaboration-conference/register,Virtual Event,November 8-12 2021
CloudStack European User Group (vCSEUG),https://www.youtube.com/watch?v=Ph-NQv80j0k&list=PLnIKk7GjgFlbG2W3lRW9Evjy2Vtg_HKHX,Virtual Event,27th May 2021
CloudStack European User Group (vCSEUG) roundup,https://www.youtube.com/watch?v=RNqK4dTjE0A&list=PLnIKk7GjgFlYfuOAl_LphJRYHcGiw0tCR,Virtual Event, 27th February 2020
CloudStack European User Group meetup,https://www.eventbrite.co.uk/e/cloudstack-european-user-group-meetup-tickets-81462441355,Berlin,27th February 2020
CloudStack European User Group & Ceph Day,https://www.eventbrite.co.uk/e/cloudstack-european-user-group-ceph-day-tickets-61632261754,London,24th October 2019
CloudStack Collaboration Conference North America,http://us.cloudstackcollab.org/,Las Vegas,9th - 11th September 2019
CloudStack European User Group meetup,https://www.eventbrite.co.uk/e/cloudstack-european-user-group-meetup-tickets-55911193886,Sofia,13th June 2019
